1,5764d75e268d6ebb273d56c3
2,5764ded594f051e327a42f14
3,5764ded594f051e327a42f15
4,5764ded594f051e327a42f16
5,5764ded594f051e327a42f17
6,5764ded594f051e327a42f18
7,5764ded594f051e327a42f19
8,5764ded594f051e327a42f1a
9,5764ded594f051e327a42f1b
10,5764ded594f051e327a42f1c
11,5764ded594f051e327a42f1d
12,5764ded594f051e327a42f1e
13,5764ded594f051e327a42f1f
14,5764ded594f051e327a42f20
15,5764ded594f051e327a42f21
16,5764ded594f051e327a42f22
17,5764ded594f051e327a42f23
18,5764ded594f051e327a42f24
19,5764ded594f051e327a42f25
20,5764ded594f051e327a42f26
21,5764ded594f051e327a42f27
22,5764ded594f051e327a42f28
23,5764ded594f051e327a42f29
24,5764ded594f051e327a42f2a
25,5764e7514dbeabc927e95f65
26,5764e7514dbeabc927e95f66
27,5764e7514dbeabc927e95f67
28,5764e7514dbeabc927e95f68
29,5764e7514dbeabc927e95f69
30,5764e7514dbeabc927e95f6a
31,5764e91294f051e327a42f4c
32,5764e91294f051e327a42f4d
33,5764e91294f051e327a42f4e
34,5764e91294f051e327a42f4f
35,5764e91294f051e327a42f50
36,5764eb299a7bf6d727906ac4
37,5764eb299a7bf6d727906ac5
38,5764eb299a7bf6d727906ac6
39,5764eb299a7bf6d727906ac7
40,5764eb299a7bf6d727906ac8
41,5764eb299a7bf6d727906ac9
42,5764eb299a7bf6d727906aca
43,5764eb299a7bf6d727906acb
44,5764eceb94f051e327a42f89
45,5764eceb94f051e327a42f8a
46,5764eceb94f051e327a42f8b
47,5764eceb94f051e327a42f8c
48,5764eceb94f051e327a42f8d
49,5764eceb94f051e327a42f8e
50,5764f1314dbeabc927e95faa
51,5764f1314dbeabc927e95fab
52,5764f1314dbeabc927e95fac
53,5764f1314dbeabc927e95fad
54,5764f1314dbeabc927e95fae
55,5764f1314dbeabc927e95faf
56,5764f1314dbeabc927e95fb0
57,5764f1314dbeabc927e95fb1
58,5764f1314dbeabc927e95fb2
59,5764f1314dbeabc927e95fb3
60,5764f3be94f051e327a42fd3
61,5764f3be94f051e327a42fd4
62,5764f3be94f051e327a42fd5
63,5764f3be94f051e327a42fd6
64,5764f3be94f051e327a42fd7
65,5764f3be94f051e327a42fd8
66,5764f3be94f051e327a42fd9
67,5764f3be94f051e327a42fda
68,5764f3be94f051e327a42fdb
69,5764f4d24dbeabc927e95ffd
70,5764f4d24dbeabc927e95ffe
71,5764f4d24dbeabc927e95fff
72,5764f4d24dbeabc927e96000
73,5764f92d4dbeabc927e96055
74,5764f92d4dbeabc927e96056
75,5764f92d4dbeabc927e96057
76,5764f92d4dbeabc927e96058
77,5764f92d4dbeabc927e96059
78,5764f92d4dbeabc927e9605a
79,5764f92d4dbeabc927e9605b
80,5764f92d4dbeabc927e9605c
81,5764f92d4dbeabc927e9605d
82,5764fbd84dbeabc927e960b4
83,5764fbd84dbeabc927e960b5
84,5764fbd84dbeabc927e960b6
85,5764fbd84dbeabc927e960b7
86,5764fbd84dbeabc927e960b8
87,5764fbd84dbeabc927e960b9
88,5764fbd84dbeabc927e960ba
89,5764fbd84dbeabc927e960bb
90,5764fbd84dbeabc927e960bc
91,5764fd98268d6ebb273d5765
92,5764fd98268d6ebb273d5766
93,5764fd98268d6ebb273d5767
94,5764fd98268d6ebb273d5768
95,5764fd98268d6ebb273d5769
96,5764fd98268d6ebb273d576a
97,576501d59a7bf6d727906b4e
98,576501d59a7bf6d727906b4f
100,576501d59a7bf6d727906b51
101,576501d59a7bf6d727906b52
102,576501d59a7bf6d727906b53
109,5765050a9a7bf6d727906bd1
110,5765050a9a7bf6d727906bd2
111,5765050a9a7bf6d727906bd3
112,5765050a9a7bf6d727906bd4
113,5765050a9a7bf6d727906bd5
114,5765050a9a7bf6d727906bd6
115,5765050a9a7bf6d727906bd7
116,5765050a9a7bf6d727906bd8
117,5765050a9a7bf6d727906bd9
118,5765050a9a7bf6d727906bda
119,5765050a9a7bf6d727906bdb
120,5765050a9a7bf6d727906bdc

